{"cameraMode":{"drawMode":0,"name":"Shaded","section":"Shading Mode"},"sceneLighting":false,"audioPlay":false,"sceneViewState":{"m_AlwaysRefresh":false,"showFog":true,"showSkybox":false,"showFlares":true,"showImageEffects":true,"showParticleSystems":true,"showVisualEffectGraphs":true,"m_FxEnabled":true},"in2DMode":false,"pivot":{"x":-2.9700000286102297,"y":1.0159642696380616,"z":-0.3029193878173828},"rotation":{"x":-0.16158758103847505,"y":0.010951101779937745,"z":-0.0017931762849912048,"w":-0.9867939352989197},"size":0.8660253882408142,"orthographic":false}