{"cameraMode":{"drawMode":0,"name":"Shaded","section":"Shading Mode"},"sceneLighting":false,"audioPlay":false,"sceneViewState":{"m_AlwaysRefresh":false,"showFog":true,"showSkybox":false,"showFlares":true,"showImageEffects":true,"showParticleSystems":true,"showVisualEffectGraphs":true,"m_FxEnabled":true},"in2DMode":false,"pivot":{"x":3.200000047683716,"y":0.4554588794708252,"z":0.14999999105930329},"rotation":{"x":-0.16158758103847505,"y":0.010951101779937745,"z":-0.0017931762849912048,"w":-0.9867939352989197},"size":0.8660253882408142,"orthographic":false}